normal_id_04_00000000.wav,2.3841855e-07
normal_id_04_00000001.wav,-0.0
normal_id_04_00000002.wav,3.576278e-07
normal_id_04_00000003.wav,-0.0
normal_id_04_00000004.wav,-0.0
normal_id_04_00000005.wav,-0.0
normal_id_04_00000006.wav,1.1920928e-07
normal_id_04_00000007.wav,1.1920928e-07
normal_id_04_00000008.wav,-0.0
normal_id_04_00000009.wav,4.7683704e-07
normal_id_04_00000010.wav,5.960463e-07
normal_id_04_00000011.wav,-0.0
normal_id_04_00000012.wav,1.1920928e-07
normal_id_04_00000013.wav,4.7683704e-07
normal_id_04_00000014.wav,-0.0
normal_id_04_00000015.wav,1.1920928e-07
normal_id_04_00000016.wav,-0.0
normal_id_04_00000017.wav,1.1920928e-07
normal_id_04_00000018.wav,-0.0
normal_id_04_00000019.wav,3.576278e-07
normal_id_04_00000020.wav,-0.0
normal_id_04_00000021.wav,-0.0
normal_id_04_00000022.wav,-0.0
normal_id_04_00000023.wav,7.152555e-07
normal_id_04_00000024.wav,-0.0
normal_id_04_00000025.wav,-0.0
normal_id_04_00000026.wav,-0.0
normal_id_04_00000027.wav,-0.0
normal_id_04_00000028.wav,-0.0
normal_id_04_00000029.wav,1.1920928e-07
normal_id_04_00000030.wav,3.576278e-07
normal_id_04_00000031.wav,-0.0
normal_id_04_00000032.wav,3.576278e-07
normal_id_04_00000033.wav,-0.0
normal_id_04_00000034.wav,-0.0
normal_id_04_00000035.wav,1.1920928e-07
normal_id_04_00000036.wav,1.1920928e-07
normal_id_04_00000037.wav,3.576278e-07
normal_id_04_00000038.wav,2.3841855e-07
normal_id_04_00000039.wav,-0.0
normal_id_04_00000040.wav,-0.0
normal_id_04_00000041.wav,1.1920928e-07
normal_id_04_00000042.wav,-0.0
normal_id_04_00000043.wav,3.576278e-07
normal_id_04_00000044.wav,7.152555e-07
normal_id_04_00000045.wav,1.1920928e-07
normal_id_04_00000046.wav,-0.0
normal_id_04_00000047.wav,5.960463e-07
normal_id_04_00000048.wav,-0.0
normal_id_04_00000049.wav,-0.0
normal_id_04_00000050.wav,-0.0
normal_id_04_00000051.wav,-0.0
normal_id_04_00000052.wav,1.1920928e-07
normal_id_04_00000053.wav,1.1920928e-07
normal_id_04_00000054.wav,1.1920928e-07
normal_id_04_00000055.wav,-0.0
normal_id_04_00000056.wav,-0.0
normal_id_04_00000057.wav,-0.0
normal_id_04_00000058.wav,5.960463e-07
normal_id_04_00000059.wav,-0.0
normal_id_04_00000060.wav,1.1920928e-07
normal_id_04_00000061.wav,2.3841855e-07
normal_id_04_00000062.wav,-0.0
normal_id_04_00000063.wav,-0.0
normal_id_04_00000064.wav,-0.0
normal_id_04_00000065.wav,2.3841855e-07
normal_id_04_00000066.wav,-0.0
normal_id_04_00000067.wav,-0.0
normal_id_04_00000068.wav,1.1920928e-07
normal_id_04_00000069.wav,-0.0
normal_id_04_00000070.wav,1.1920928e-07
normal_id_04_00000071.wav,3.576278e-07
normal_id_04_00000072.wav,-0.0
normal_id_04_00000073.wav,1.1920928e-07
normal_id_04_00000074.wav,-0.0
normal_id_04_00000075.wav,1.1920928e-07
normal_id_04_00000076.wav,1.1920928e-07
normal_id_04_00000077.wav,3.576278e-07
normal_id_04_00000078.wav,-0.0
normal_id_04_00000079.wav,-0.0
normal_id_04_00000080.wav,3.576278e-07
normal_id_04_00000081.wav,1.1920928e-07
normal_id_04_00000082.wav,-0.0
normal_id_04_00000083.wav,-0.0
normal_id_04_00000084.wav,1.1920928e-07
normal_id_04_00000085.wav,-0.0
normal_id_04_00000086.wav,2.3841855e-07
normal_id_04_00000087.wav,1.1920928e-07
normal_id_04_00000088.wav,3.576278e-07
normal_id_04_00000089.wav,-0.0
normal_id_04_00000090.wav,-0.0
normal_id_04_00000091.wav,-0.0
normal_id_04_00000092.wav,7.152555e-07
normal_id_04_00000093.wav,-0.0
normal_id_04_00000094.wav,1.1920928e-07
normal_id_04_00000095.wav,-0.0
normal_id_04_00000096.wav,-0.0
normal_id_04_00000097.wav,-0.0
normal_id_04_00000098.wav,-0.0
normal_id_04_00000099.wav,4.7683704e-07
normal_id_04_00000100.wav,1.1920928e-07
normal_id_04_00000101.wav,-0.0
normal_id_04_00000102.wav,-0.0
normal_id_04_00000103.wav,-0.0
normal_id_04_00000104.wav,-0.0
normal_id_04_00000105.wav,-0.0
normal_id_04_00000106.wav,-0.0
normal_id_04_00000107.wav,-0.0
normal_id_04_00000108.wav,3.576278e-07
normal_id_04_00000109.wav,1.1920928e-07
normal_id_04_00000110.wav,1.1920928e-07
normal_id_04_00000111.wav,-0.0
normal_id_04_00000112.wav,-0.0
normal_id_04_00000113.wav,1.1920928e-07
normal_id_04_00000114.wav,-0.0
normal_id_04_00000115.wav,1.1920928e-07
normal_id_04_00000116.wav,-0.0
normal_id_04_00000117.wav,1.1920928e-07
normal_id_04_00000118.wav,-0.0
normal_id_04_00000119.wav,-0.0
normal_id_04_00000120.wav,-0.0
normal_id_04_00000121.wav,-0.0
normal_id_04_00000122.wav,-0.0
normal_id_04_00000123.wav,-0.0
normal_id_04_00000124.wav,-0.0
normal_id_04_00000125.wav,5.960463e-07
normal_id_04_00000126.wav,1.1920928e-07
normal_id_04_00000127.wav,-0.0
normal_id_04_00000128.wav,-0.0
normal_id_04_00000129.wav,-0.0
normal_id_04_00000130.wav,-0.0
normal_id_04_00000131.wav,-0.0
normal_id_04_00000132.wav,4.7683704e-07
normal_id_04_00000133.wav,-0.0
normal_id_04_00000134.wav,-0.0
normal_id_04_00000135.wav,-0.0
normal_id_04_00000136.wav,-0.0
normal_id_04_00000137.wav,-0.0
normal_id_04_00000138.wav,2.3841855e-07
normal_id_04_00000139.wav,-0.0
normal_id_04_00000140.wav,2.3841855e-07
normal_id_04_00000141.wav,1.1920928e-07
normal_id_04_00000142.wav,2.3841855e-07
normal_id_04_00000143.wav,1.1920928e-07
normal_id_04_00000144.wav,1.1920928e-07
normal_id_04_00000145.wav,4.7683704e-07
normal_id_04_00000146.wav,-0.0
normal_id_04_00000147.wav,1.1920928e-07
normal_id_04_00000148.wav,5.960463e-07
normal_id_04_00000149.wav,1.1920928e-07
normal_id_04_00000150.wav,-0.0
normal_id_04_00000151.wav,-0.0
normal_id_04_00000152.wav,9.5367386e-07
normal_id_04_00000153.wav,-0.0
normal_id_04_00000154.wav,-0.0
normal_id_04_00000155.wav,2.3841855e-07
normal_id_04_00000156.wav,-0.0
normal_id_04_00000157.wav,-0.0
normal_id_04_00000158.wav,1.1920928e-07
normal_id_04_00000159.wav,1.1920928e-07
normal_id_04_00000160.wav,1.1920928e-07
normal_id_04_00000161.wav,1.1920928e-07
normal_id_04_00000162.wav,-0.0
normal_id_04_00000163.wav,-0.0
normal_id_04_00000164.wav,2.3841855e-07
normal_id_04_00000165.wav,-0.0
normal_id_04_00000166.wav,-0.0
normal_id_04_00000167.wav,-0.0
normal_id_04_00000168.wav,3.576278e-07
normal_id_04_00000169.wav,-0.0
normal_id_04_00000170.wav,1.1920928e-07
normal_id_04_00000171.wav,2.3841855e-07
normal_id_04_00000172.wav,-0.0
normal_id_04_00000173.wav,-0.0
normal_id_04_00000174.wav,-0.0
normal_id_04_00000175.wav,1.1920928e-07
normal_id_04_00000176.wav,1.1920928e-07
normal_id_04_00000177.wav,1.1920928e-07
normal_id_04_00000178.wav,-0.0
normal_id_04_00000179.wav,1.072883e-06
normal_id_04_00000180.wav,4.7683704e-07
normal_id_04_00000181.wav,-0.0
normal_id_04_00000182.wav,-0.0
normal_id_04_00000183.wav,-0.0
normal_id_04_00000184.wav,-0.0
normal_id_04_00000185.wav,3.576278e-07
normal_id_04_00000186.wav,-0.0
normal_id_04_00000187.wav,-0.0
normal_id_04_00000188.wav,1.1920928e-07
normal_id_04_00000189.wav,-0.0
normal_id_04_00000190.wav,-0.0
normal_id_04_00000191.wav,-0.0
normal_id_04_00000192.wav,4.7683704e-07
normal_id_04_00000193.wav,1.1920928e-07
normal_id_04_00000194.wav,-0.0
normal_id_04_00000195.wav,2.3841855e-07
normal_id_04_00000196.wav,-0.0
normal_id_04_00000197.wav,-0.0
normal_id_04_00000198.wav,-0.0
normal_id_04_00000199.wav,-0.0
normal_id_04_00000200.wav,1.1920928e-07
normal_id_04_00000201.wav,1.1920928e-07
normal_id_04_00000202.wav,-0.0
normal_id_04_00000203.wav,3.576278e-07
normal_id_04_00000204.wav,2.3841855e-07
normal_id_04_00000205.wav,-0.0
normal_id_04_00000206.wav,-0.0
normal_id_04_00000207.wav,1.1920928e-07
normal_id_04_00000208.wav,-0.0
normal_id_04_00000209.wav,2.3841855e-07
normal_id_04_00000210.wav,1.1920928e-07
normal_id_04_00000211.wav,-0.0
normal_id_04_00000212.wav,1.1920928e-07
normal_id_04_00000213.wav,1.1920928e-07
normal_id_04_00000214.wav,2.3841855e-07
normal_id_04_00000215.wav,-0.0
normal_id_04_00000216.wav,2.3841855e-07
normal_id_04_00000217.wav,1.1920928e-07
normal_id_04_00000218.wav,2.3841855e-07
normal_id_04_00000219.wav,-0.0
normal_id_04_00000220.wav,-0.0
normal_id_04_00000221.wav,1.1920928e-07
normal_id_04_00000222.wav,2.3841855e-07
normal_id_04_00000223.wav,-0.0
normal_id_04_00000224.wav,1.1920928e-07
normal_id_04_00000225.wav,-0.0
normal_id_04_00000226.wav,-0.0
normal_id_04_00000227.wav,-0.0
normal_id_04_00000228.wav,1.1920928e-07
normal_id_04_00000229.wav,-0.0
normal_id_04_00000230.wav,-0.0
normal_id_04_00000231.wav,1.1920928e-07
normal_id_04_00000232.wav,2.3841855e-07
normal_id_04_00000233.wav,1.1920928e-07
normal_id_04_00000234.wav,-0.0
normal_id_04_00000235.wav,-0.0
normal_id_04_00000236.wav,5.960463e-07
normal_id_04_00000237.wav,1.1920928e-07
normal_id_04_00000238.wav,2.3841855e-07
normal_id_04_00000239.wav,-0.0
normal_id_04_00000240.wav,7.152555e-07
normal_id_04_00000241.wav,2.3841855e-07
normal_id_04_00000242.wav,-0.0
normal_id_04_00000243.wav,1.1920928e-07
normal_id_04_00000244.wav,9.5367386e-07
normal_id_04_00000245.wav,-0.0
normal_id_04_00000246.wav,3.576278e-07
normal_id_04_00000247.wav,1.1920928e-07
normal_id_04_00000248.wav,-0.0
normal_id_04_00000249.wav,-0.0
normal_id_04_00000250.wav,-0.0
normal_id_04_00000251.wav,-0.0
normal_id_04_00000252.wav,-0.0
normal_id_04_00000253.wav,-0.0
normal_id_04_00000254.wav,-0.0
normal_id_04_00000255.wav,-0.0
normal_id_04_00000256.wav,-0.0
normal_id_04_00000257.wav,-0.0
normal_id_04_00000258.wav,-0.0
normal_id_04_00000259.wav,-0.0
normal_id_04_00000260.wav,-0.0
normal_id_04_00000261.wav,-0.0
normal_id_04_00000262.wav,-0.0
normal_id_04_00000263.wav,-0.0
normal_id_04_00000264.wav,-0.0
normal_id_04_00000265.wav,-0.0
normal_id_04_00000266.wav,-0.0
normal_id_04_00000267.wav,-0.0
normal_id_04_00000268.wav,-0.0
normal_id_04_00000269.wav,-0.0
normal_id_04_00000270.wav,-0.0
normal_id_04_00000271.wav,5.960463e-07
normal_id_04_00000272.wav,-0.0
normal_id_04_00000273.wav,2.3841855e-07
normal_id_04_00000274.wav,-0.0
normal_id_04_00000275.wav,-0.0
normal_id_04_00000276.wav,-0.0
normal_id_04_00000277.wav,4.7683704e-07
normal_id_04_00000278.wav,-0.0
normal_id_04_00000279.wav,-0.0
normal_id_04_00000280.wav,-0.0
normal_id_04_00000281.wav,-0.0
normal_id_04_00000282.wav,-0.0
normal_id_04_00000283.wav,1.1920928e-07
normal_id_04_00000284.wav,-0.0
normal_id_04_00000285.wav,1.1920928e-07
normal_id_04_00000286.wav,-0.0
normal_id_04_00000287.wav,2.3841855e-07
normal_id_04_00000288.wav,-0.0
normal_id_04_00000289.wav,-0.0
normal_id_04_00000290.wav,-0.0
normal_id_04_00000291.wav,2.3841855e-07
normal_id_04_00000292.wav,-0.0
normal_id_04_00000293.wav,-0.0
normal_id_04_00000294.wav,1.1920928e-07
normal_id_04_00000295.wav,3.576278e-07
normal_id_04_00000296.wav,1.1920928e-07
normal_id_04_00000297.wav,-0.0
normal_id_04_00000298.wav,-0.0
normal_id_04_00000299.wav,5.960463e-07
normal_id_04_00000300.wav,3.576278e-07
normal_id_04_00000301.wav,-0.0
normal_id_04_00000302.wav,1.1920928e-07
normal_id_04_00000303.wav,-0.0
normal_id_04_00000304.wav,-0.0
normal_id_04_00000305.wav,7.152555e-07
normal_id_04_00000306.wav,-0.0
normal_id_04_00000307.wav,-0.0
normal_id_04_00000308.wav,1.1920928e-07
normal_id_04_00000309.wav,-0.0
normal_id_04_00000310.wav,-0.0
normal_id_04_00000311.wav,-0.0
normal_id_04_00000312.wav,2.3841855e-07
normal_id_04_00000313.wav,-0.0
normal_id_04_00000314.wav,-0.0
normal_id_04_00000315.wav,1.1920928e-07
normal_id_04_00000316.wav,-0.0
normal_id_04_00000317.wav,-0.0
normal_id_04_00000318.wav,-0.0
normal_id_04_00000319.wav,-0.0
normal_id_04_00000320.wav,4.7683704e-07
normal_id_04_00000321.wav,3.576278e-07
normal_id_04_00000322.wav,1.1920928e-07
normal_id_04_00000323.wav,3.576278e-07
normal_id_04_00000324.wav,-0.0
normal_id_04_00000325.wav,4.7683704e-07
normal_id_04_00000326.wav,-0.0
normal_id_04_00000327.wav,8.344647e-07
normal_id_04_00000328.wav,-0.0
normal_id_04_00000329.wav,-0.0
normal_id_04_00000330.wav,2.3841855e-07
normal_id_04_00000331.wav,-0.0
normal_id_04_00000332.wav,-0.0
normal_id_04_00000333.wav,-0.0
normal_id_04_00000334.wav,-0.0
normal_id_04_00000335.wav,-0.0
normal_id_04_00000336.wav,5.960463e-07
normal_id_04_00000337.wav,-0.0
normal_id_04_00000338.wav,1.1920928e-07
normal_id_04_00000339.wav,1.1920928e-07
normal_id_04_00000340.wav,1.1920928e-07
normal_id_04_00000341.wav,1.1920928e-07
normal_id_04_00000342.wav,1.1920928e-07
normal_id_04_00000343.wav,1.1920928e-07
normal_id_04_00000344.wav,-0.0
normal_id_04_00000345.wav,-0.0
normal_id_04_00000346.wav,-0.0
normal_id_04_00000347.wav,5.960463e-07
normal_id_04_00000348.wav,-0.0
normal_id_04_00000349.wav,1.1920928e-07
normal_id_04_00000350.wav,1.1920928e-07
normal_id_04_00000351.wav,1.1920928e-07
normal_id_04_00000352.wav,-0.0
normal_id_04_00000353.wav,-0.0
normal_id_04_00000354.wav,1.1920928e-07
normal_id_04_00000355.wav,-0.0
normal_id_04_00000356.wav,1.1920928e-07
normal_id_04_00000357.wav,-0.0
normal_id_04_00000358.wav,-0.0
normal_id_04_00000359.wav,-0.0
normal_id_04_00000360.wav,1.1920928e-07
normal_id_04_00000361.wav,-0.0
normal_id_04_00000362.wav,-0.0
normal_id_04_00000363.wav,1.072883e-06
normal_id_04_00000364.wav,1.1920928e-07
normal_id_04_00000365.wav,1.1920928e-07
normal_id_04_00000366.wav,5.960463e-07
normal_id_04_00000367.wav,-0.0
normal_id_04_00000368.wav,4.7683704e-07
normal_id_04_00000369.wav,-0.0
normal_id_04_00000370.wav,-0.0
normal_id_04_00000371.wav,-0.0
normal_id_04_00000372.wav,1.1920928e-07
normal_id_04_00000373.wav,2.3841855e-07
normal_id_04_00000374.wav,-0.0
normal_id_04_00000375.wav,2.3841855e-07
normal_id_04_00000376.wav,-0.0
normal_id_04_00000377.wav,-0.0
normal_id_04_00000378.wav,-0.0
normal_id_04_00000379.wav,1.1920928e-07
normal_id_04_00000380.wav,2.3841855e-07
normal_id_04_00000381.wav,1.1920928e-07
normal_id_04_00000382.wav,-0.0
normal_id_04_00000383.wav,-0.0
normal_id_04_00000384.wav,1.1920928e-07
normal_id_04_00000385.wav,-0.0
normal_id_04_00000386.wav,1.1920928e-07
normal_id_04_00000387.wav,5.960463e-07
normal_id_04_00000388.wav,-0.0
normal_id_04_00000389.wav,2.3841855e-07
normal_id_04_00000390.wav,-0.0
normal_id_04_00000391.wav,-0.0
normal_id_04_00000392.wav,-0.0
normal_id_04_00000393.wav,-0.0
normal_id_04_00000394.wav,-0.0
normal_id_04_00000395.wav,-0.0
normal_id_04_00000396.wav,-0.0
normal_id_04_00000397.wav,-0.0
normal_id_04_00000398.wav,5.960463e-07
normal_id_04_00000399.wav,-0.0
normal_id_04_00000400.wav,-0.0
normal_id_04_00000401.wav,-0.0
normal_id_04_00000402.wav,4.7683704e-07
normal_id_04_00000403.wav,7.152555e-07
normal_id_04_00000404.wav,-0.0
normal_id_04_00000405.wav,-0.0
normal_id_04_00000406.wav,3.576278e-07
normal_id_04_00000407.wav,-0.0
normal_id_04_00000408.wav,-0.0
normal_id_04_00000409.wav,-0.0
normal_id_04_00000410.wav,-0.0
normal_id_04_00000411.wav,4.7683704e-07
normal_id_04_00000412.wav,1.1920928e-07
normal_id_04_00000413.wav,-0.0
normal_id_04_00000414.wav,-0.0
normal_id_04_00000415.wav,-0.0
normal_id_04_00000416.wav,-0.0
normal_id_04_00000417.wav,-0.0
normal_id_04_00000418.wav,1.1920928e-07
normal_id_04_00000419.wav,1.1920928e-07
normal_id_04_00000420.wav,1.1920928e-07
normal_id_04_00000421.wav,-0.0
normal_id_04_00000422.wav,3.576278e-07
normal_id_04_00000423.wav,3.576278e-07
normal_id_04_00000424.wav,-0.0
normal_id_04_00000425.wav,-0.0
normal_id_04_00000426.wav,-0.0
normal_id_04_00000427.wav,-0.0
normal_id_04_00000428.wav,1.1920928e-07
normal_id_04_00000429.wav,2.3841855e-07
normal_id_04_00000430.wav,-0.0
normal_id_04_00000431.wav,-0.0
normal_id_04_00000432.wav,1.1920928e-07
normal_id_04_00000433.wav,2.3841855e-07
normal_id_04_00000434.wav,-0.0
normal_id_04_00000435.wav,-0.0
normal_id_04_00000436.wav,-0.0
normal_id_04_00000437.wav,-0.0
normal_id_04_00000438.wav,-0.0
normal_id_04_00000439.wav,2.3841855e-07
normal_id_04_00000440.wav,3.576278e-07
normal_id_04_00000441.wav,5.960463e-07
normal_id_04_00000442.wav,3.576278e-07
normal_id_04_00000443.wav,-0.0
normal_id_04_00000444.wav,-0.0
normal_id_04_00000445.wav,-0.0
normal_id_04_00000446.wav,-0.0
normal_id_04_00000447.wav,-0.0
normal_id_04_00000448.wav,-0.0
normal_id_04_00000449.wav,-0.0
normal_id_04_00000450.wav,1.1920928e-07
normal_id_04_00000451.wav,-0.0
normal_id_04_00000452.wav,-0.0
normal_id_04_00000453.wav,1.1920928e-07
normal_id_04_00000454.wav,-0.0
normal_id_04_00000455.wav,-0.0
normal_id_04_00000456.wav,-0.0
normal_id_04_00000457.wav,2.3841855e-07
normal_id_04_00000458.wav,-0.0
normal_id_04_00000459.wav,1.1920928e-07
normal_id_04_00000460.wav,3.576278e-07
normal_id_04_00000461.wav,-0.0
normal_id_04_00000462.wav,-0.0
normal_id_04_00000463.wav,-0.0
normal_id_04_00000464.wav,-0.0
normal_id_04_00000465.wav,-0.0
normal_id_04_00000466.wav,-0.0
normal_id_04_00000467.wav,2.3841855e-07
normal_id_04_00000468.wav,-0.0
normal_id_04_00000469.wav,2.3841855e-07
normal_id_04_00000470.wav,-0.0
normal_id_04_00000471.wav,3.576278e-07
normal_id_04_00000472.wav,-0.0
normal_id_04_00000473.wav,1.072883e-06
normal_id_04_00000474.wav,-0.0
normal_id_04_00000475.wav,3.576278e-07
normal_id_04_00000476.wav,-0.0
normal_id_04_00000477.wav,-0.0
normal_id_04_00000478.wav,-0.0
normal_id_04_00000479.wav,-0.0
normal_id_04_00000480.wav,-0.0
normal_id_04_00000481.wav,-0.0
normal_id_04_00000482.wav,-0.0
normal_id_04_00000483.wav,-0.0
normal_id_04_00000484.wav,-0.0
normal_id_04_00000485.wav,2.3841855e-07
normal_id_04_00000486.wav,-0.0
normal_id_04_00000487.wav,-0.0
normal_id_04_00000488.wav,4.7683704e-07
normal_id_04_00000489.wav,-0.0
normal_id_04_00000490.wav,-0.0
normal_id_04_00000491.wav,1.1920928e-07
normal_id_04_00000492.wav,-0.0
normal_id_04_00000493.wav,3.576278e-07
normal_id_04_00000494.wav,-0.0
normal_id_04_00000495.wav,5.960463e-07
normal_id_04_00000496.wav,2.3841855e-07
normal_id_04_00000497.wav,-0.0
normal_id_04_00000498.wav,-0.0
normal_id_04_00000499.wav,-0.0
normal_id_04_00000500.wav,-0.0
normal_id_04_00000501.wav,-0.0
normal_id_04_00000502.wav,-0.0
normal_id_04_00000503.wav,-0.0
normal_id_04_00000504.wav,-0.0
normal_id_04_00000505.wav,4.7683704e-07
normal_id_04_00000506.wav,-0.0
normal_id_04_00000507.wav,-0.0
normal_id_04_00000508.wav,2.3841855e-07
normal_id_04_00000509.wav,-0.0
normal_id_04_00000510.wav,-0.0
normal_id_04_00000511.wav,-0.0
normal_id_04_00000512.wav,1.1920928e-07
normal_id_04_00000513.wav,-0.0
normal_id_04_00000514.wav,1.1920928e-07
normal_id_04_00000515.wav,3.576278e-07
normal_id_04_00000516.wav,-0.0
normal_id_04_00000517.wav,1.1920928e-07
normal_id_04_00000518.wav,-0.0
normal_id_04_00000519.wav,-0.0
normal_id_04_00000520.wav,-0.0
normal_id_04_00000521.wav,-0.0
normal_id_04_00000522.wav,-0.0
normal_id_04_00000523.wav,1.1920928e-07
normal_id_04_00000524.wav,8.344647e-07
normal_id_04_00000525.wav,-0.0
normal_id_04_00000526.wav,-0.0
normal_id_04_00000527.wav,-0.0
normal_id_04_00000528.wav,1.1920928e-07
normal_id_04_00000529.wav,2.3841855e-07
normal_id_04_00000530.wav,-0.0
normal_id_04_00000531.wav,-0.0
normal_id_04_00000532.wav,-0.0
normal_id_04_00000533.wav,4.7683704e-07
normal_id_04_00000534.wav,-0.0
normal_id_04_00000535.wav,-0.0
normal_id_04_00000536.wav,-0.0
normal_id_04_00000537.wav,-0.0
normal_id_04_00000538.wav,-0.0
normal_id_04_00000539.wav,2.3841855e-07
normal_id_04_00000540.wav,-0.0
normal_id_04_00000541.wav,1.1920928e-07
normal_id_04_00000542.wav,2.3841855e-07
normal_id_04_00000543.wav,-0.0
normal_id_04_00000544.wav,-0.0
normal_id_04_00000545.wav,-0.0
normal_id_04_00000546.wav,-0.0
normal_id_04_00000547.wav,8.344647e-07
normal_id_04_00000548.wav,-0.0
normal_id_04_00000549.wav,-0.0
normal_id_04_00000550.wav,3.576278e-07
normal_id_04_00000551.wav,2.3841855e-07
normal_id_04_00000552.wav,-0.0
normal_id_04_00000553.wav,-0.0
normal_id_04_00000554.wav,1.1920928e-07
normal_id_04_00000555.wav,-0.0
normal_id_04_00000556.wav,-0.0
normal_id_04_00000557.wav,-0.0
normal_id_04_00000558.wav,-0.0
normal_id_04_00000559.wav,-0.0
normal_id_04_00000560.wav,-0.0
normal_id_04_00000561.wav,-0.0
normal_id_04_00000562.wav,-0.0
normal_id_04_00000563.wav,-0.0
normal_id_04_00000564.wav,-0.0
normal_id_04_00000565.wav,-0.0
normal_id_04_00000566.wav,-0.0
normal_id_04_00000567.wav,1.1920928e-07
normal_id_04_00000568.wav,-0.0
normal_id_04_00000569.wav,8.344647e-07
normal_id_04_00000570.wav,1.1920928e-07
normal_id_04_00000571.wav,-0.0
normal_id_04_00000572.wav,-0.0
normal_id_04_00000573.wav,-0.0
normal_id_04_00000574.wav,2.3841855e-07
normal_id_04_00000575.wav,-0.0
normal_id_04_00000576.wav,3.576278e-07
normal_id_04_00000577.wav,-0.0
normal_id_04_00000578.wav,-0.0
normal_id_04_00000579.wav,2.3841855e-07
normal_id_04_00000580.wav,-0.0
normal_id_04_00000581.wav,-0.0
normal_id_04_00000582.wav,-0.0
normal_id_04_00000583.wav,-0.0
normal_id_04_00000584.wav,1.1920928e-07
normal_id_04_00000585.wav,1.072883e-06
normal_id_04_00000586.wav,1.1920928e-07
normal_id_04_00000587.wav,2.3841855e-07
normal_id_04_00000588.wav,-0.0
normal_id_04_00000589.wav,-0.0
normal_id_04_00000590.wav,2.3841855e-07
normal_id_04_00000591.wav,1.1920928e-07
normal_id_04_00000592.wav,-0.0
normal_id_04_00000593.wav,3.576278e-07
normal_id_04_00000594.wav,-0.0
normal_id_04_00000595.wav,-0.0
normal_id_04_00000596.wav,-0.0
normal_id_04_00000597.wav,1.1920928e-07
normal_id_04_00000598.wav,-0.0
normal_id_04_00000599.wav,-0.0
normal_id_04_00000600.wav,-0.0
normal_id_04_00000601.wav,-0.0
normal_id_04_00000602.wav,3.576278e-07
normal_id_04_00000603.wav,-0.0
normal_id_04_00000604.wav,4.7683704e-07
normal_id_04_00000605.wav,-0.0
normal_id_04_00000606.wav,-0.0
normal_id_04_00000607.wav,-0.0
normal_id_04_00000608.wav,-0.0
normal_id_04_00000609.wav,3.576278e-07
normal_id_04_00000610.wav,-0.0
normal_id_04_00000611.wav,-0.0
normal_id_04_00000612.wav,1.1920928e-07
normal_id_04_00000613.wav,7.152555e-07
normal_id_04_00000614.wav,-0.0
normal_id_04_00000615.wav,2.3841855e-07
normal_id_04_00000616.wav,-0.0
normal_id_04_00000617.wav,-0.0
normal_id_04_00000618.wav,5.960463e-07
normal_id_04_00000619.wav,-0.0
normal_id_04_00000620.wav,2.3841855e-07
normal_id_04_00000621.wav,-0.0
normal_id_04_00000622.wav,-0.0
normal_id_04_00000623.wav,-0.0
normal_id_04_00000624.wav,-0.0
normal_id_04_00000625.wav,1.1920928e-07
normal_id_04_00000626.wav,4.7683704e-07
normal_id_04_00000627.wav,-0.0
normal_id_04_00000628.wav,1.1920928e-07
normal_id_04_00000629.wav,-0.0
normal_id_04_00000630.wav,-0.0
normal_id_04_00000631.wav,1.1920928e-07
normal_id_04_00000632.wav,-0.0
normal_id_04_00000633.wav,-0.0
normal_id_04_00000634.wav,-0.0
normal_id_04_00000635.wav,9.5367386e-07
normal_id_04_00000636.wav,-0.0
normal_id_04_00000637.wav,-0.0
normal_id_04_00000638.wav,-0.0
normal_id_04_00000639.wav,1.1920928e-07
normal_id_04_00000640.wav,-0.0
normal_id_04_00000641.wav,1.1920928e-07
normal_id_04_00000642.wav,-0.0
normal_id_04_00000643.wav,-0.0
normal_id_04_00000644.wav,-0.0
normal_id_04_00000645.wav,2.3841855e-07
normal_id_04_00000646.wav,-0.0
normal_id_04_00000647.wav,-0.0
normal_id_04_00000648.wav,1.1920928e-07
normal_id_04_00000649.wav,-0.0
normal_id_04_00000650.wav,-0.0
normal_id_04_00000651.wav,-0.0
normal_id_04_00000652.wav,-0.0
normal_id_04_00000653.wav,2.3841855e-07
normal_id_04_00000654.wav,-0.0
normal_id_04_00000655.wav,1.1920928e-07
normal_id_04_00000656.wav,2.3841855e-07
normal_id_04_00000657.wav,-0.0
normal_id_04_00000658.wav,1.1920928e-07
normal_id_04_00000659.wav,1.1920928e-07
normal_id_04_00000660.wav,1.1920928e-07
normal_id_04_00000661.wav,-0.0
normal_id_04_00000662.wav,-0.0
normal_id_04_00000663.wav,-0.0
normal_id_04_00000664.wav,-0.0
normal_id_04_00000665.wav,1.1920928e-07
normal_id_04_00000666.wav,-0.0
normal_id_04_00000667.wav,4.7683704e-07
normal_id_04_00000668.wav,1.1920928e-07
normal_id_04_00000669.wav,2.3841855e-07
normal_id_04_00000670.wav,1.1920928e-07
normal_id_04_00000671.wav,-0.0
normal_id_04_00000672.wav,3.576278e-07
normal_id_04_00000673.wav,4.7683704e-07
normal_id_04_00000674.wav,-0.0
normal_id_04_00000675.wav,-0.0
normal_id_04_00000676.wav,7.152555e-07
normal_id_04_00000677.wav,-0.0
normal_id_04_00000678.wav,-0.0
normal_id_04_00000679.wav,3.576278e-07
normal_id_04_00000680.wav,1.1920928e-07
normal_id_04_00000681.wav,3.576278e-07
normal_id_04_00000682.wav,-0.0
normal_id_04_00000683.wav,7.152555e-07
normal_id_04_00000684.wav,1.1920928e-07
normal_id_04_00000685.wav,-0.0
normal_id_04_00000686.wav,1.1920928e-07
normal_id_04_00000687.wav,2.3841855e-07
normal_id_04_00000688.wav,-0.0
normal_id_04_00000689.wav,-0.0
normal_id_04_00000690.wav,-0.0
normal_id_04_00000691.wav,-0.0
normal_id_04_00000692.wav,1.1920928e-07
normal_id_04_00000693.wav,-0.0
normal_id_04_00000694.wav,5.960463e-07
normal_id_04_00000695.wav,-0.0
normal_id_04_00000696.wav,2.3841855e-07
normal_id_04_00000697.wav,-0.0
normal_id_04_00000698.wav,-0.0
normal_id_04_00000699.wav,1.1920928e-07
normal_id_04_00000700.wav,2.3841855e-07
normal_id_04_00000701.wav,5.960463e-07
normal_id_04_00000702.wav,-0.0
normal_id_04_00000703.wav,1.1920928e-07
normal_id_04_00000704.wav,-0.0
normal_id_04_00000705.wav,-0.0
normal_id_04_00000706.wav,-0.0
normal_id_04_00000707.wav,4.7683704e-07
normal_id_04_00000708.wav,-0.0
normal_id_04_00000709.wav,-0.0
normal_id_04_00000710.wav,-0.0
normal_id_04_00000711.wav,-0.0
normal_id_04_00000712.wav,1.1920928e-07
normal_id_04_00000713.wav,-0.0
normal_id_04_00000714.wav,-0.0
normal_id_04_00000715.wav,2.3841855e-07
normal_id_04_00000716.wav,-0.0
normal_id_04_00000717.wav,-0.0
normal_id_04_00000718.wav,2.3841855e-07
normal_id_04_00000719.wav,-0.0
normal_id_04_00000720.wav,-0.0
normal_id_04_00000721.wav,1.1920928e-07
normal_id_04_00000722.wav,-0.0
normal_id_04_00000723.wav,-0.0
normal_id_04_00000724.wav,1.1920928e-07
normal_id_04_00000725.wav,-0.0
normal_id_04_00000726.wav,2.3841855e-07
normal_id_04_00000727.wav,-0.0
normal_id_04_00000728.wav,-0.0
normal_id_04_00000729.wav,2.3841855e-07
normal_id_04_00000730.wav,1.1920928e-07
normal_id_04_00000731.wav,-0.0
normal_id_04_00000732.wav,-0.0
normal_id_04_00000733.wav,1.1920928e-07
normal_id_04_00000734.wav,-0.0
normal_id_04_00000735.wav,3.576278e-07
normal_id_04_00000736.wav,1.1920928e-07
normal_id_04_00000737.wav,-0.0
normal_id_04_00000738.wav,8.344647e-07
normal_id_04_00000739.wav,-0.0
normal_id_04_00000740.wav,-0.0
normal_id_04_00000741.wav,1.1920928e-07
normal_id_04_00000742.wav,-0.0
normal_id_04_00000743.wav,1.1920928e-07
normal_id_04_00000744.wav,2.3841855e-07
normal_id_04_00000745.wav,-0.0
normal_id_04_00000746.wav,-0.0
normal_id_04_00000747.wav,1.1920928e-07
normal_id_04_00000748.wav,-0.0
normal_id_04_00000749.wav,-0.0
normal_id_04_00000750.wav,-0.0
normal_id_04_00000751.wav,-0.0
normal_id_04_00000752.wav,-0.0
normal_id_04_00000753.wav,-0.0
normal_id_04_00000754.wav,1.1920928e-07
normal_id_04_00000755.wav,-0.0
normal_id_04_00000756.wav,-0.0
normal_id_04_00000757.wav,-0.0
normal_id_04_00000758.wav,-0.0
normal_id_04_00000759.wav,3.576278e-07
normal_id_04_00000760.wav,-0.0
normal_id_04_00000761.wav,-0.0
normal_id_04_00000762.wav,-0.0
normal_id_04_00000763.wav,-0.0
normal_id_04_00000764.wav,2.3841855e-07
normal_id_04_00000765.wav,-0.0
normal_id_04_00000766.wav,-0.0
normal_id_04_00000767.wav,1.1920928e-07
normal_id_04_00000768.wav,8.344647e-07
normal_id_04_00000769.wav,-0.0
normal_id_04_00000770.wav,1.1920928e-07
normal_id_04_00000771.wav,1.1920928e-07
normal_id_04_00000772.wav,1.1920928e-07
normal_id_04_00000773.wav,-0.0
normal_id_04_00000774.wav,-0.0
normal_id_04_00000775.wav,2.145765e-06
normal_id_04_00000776.wav,-0.0
normal_id_04_00000777.wav,-0.0
normal_id_04_00000778.wav,2.3841855e-07
normal_id_04_00000779.wav,-0.0
normal_id_04_00000780.wav,-0.0
normal_id_04_00000781.wav,7.152555e-07
normal_id_04_00000782.wav,-0.0
normal_id_04_00000783.wav,-0.0
normal_id_04_00000784.wav,-0.0
normal_id_04_00000785.wav,3.576278e-07
normal_id_04_00000786.wav,1.1920928e-07
normal_id_04_00000787.wav,-0.0
normal_id_04_00000788.wav,3.576278e-07
normal_id_04_00000789.wav,2.3841855e-07
normal_id_04_00000790.wav,-0.0
normal_id_04_00000791.wav,3.576278e-07
normal_id_04_00000792.wav,-0.0
normal_id_04_00000793.wav,2.3841855e-07
normal_id_04_00000794.wav,-0.0
normal_id_04_00000795.wav,1.1920928e-07
normal_id_04_00000796.wav,1.1920928e-07
normal_id_04_00000797.wav,-0.0
normal_id_04_00000798.wav,1.1920928e-07
normal_id_04_00000799.wav,-0.0
normal_id_04_00000800.wav,-0.0
normal_id_04_00000801.wav,1.1920928e-07
normal_id_04_00000802.wav,-0.0
normal_id_04_00000803.wav,-0.0
normal_id_04_00000804.wav,-0.0
normal_id_04_00000805.wav,3.576278e-07
normal_id_04_00000806.wav,-0.0
normal_id_04_00000807.wav,1.1920928e-07
normal_id_04_00000808.wav,-0.0
normal_id_04_00000809.wav,1.1920928e-07
normal_id_04_00000810.wav,1.1920928e-07
normal_id_04_00000811.wav,1.1920928e-07
normal_id_04_00000812.wav,1.1920928e-07
normal_id_04_00000813.wav,1.1920928e-07
normal_id_04_00000814.wav,1.1920928e-07
normal_id_04_00000815.wav,-0.0
normal_id_04_00000816.wav,-0.0
normal_id_04_00000817.wav,2.3841855e-07
normal_id_04_00000818.wav,-0.0
normal_id_04_00000819.wav,1.1920928e-07
normal_id_04_00000820.wav,1.1920928e-07
normal_id_04_00000821.wav,-0.0
normal_id_04_00000822.wav,-0.0
normal_id_04_00000823.wav,5.960463e-07
normal_id_04_00000824.wav,-0.0
normal_id_04_00000825.wav,2.3841855e-07
normal_id_04_00000826.wav,-0.0
normal_id_04_00000827.wav,2.3841855e-07
normal_id_04_00000828.wav,-0.0
normal_id_04_00000829.wav,-0.0
normal_id_04_00000830.wav,1.1920928e-07
normal_id_04_00000831.wav,-0.0
normal_id_04_00000832.wav,2.3841855e-07
normal_id_04_00000833.wav,-0.0
normal_id_04_00000834.wav,1.1920928e-07
normal_id_04_00000835.wav,-0.0
normal_id_04_00000836.wav,-0.0
normal_id_04_00000837.wav,2.3841855e-07
normal_id_04_00000838.wav,2.3841855e-07
normal_id_04_00000839.wav,1.1920928e-07
normal_id_04_00000840.wav,1.1920928e-07
normal_id_04_00000841.wav,-0.0
normal_id_04_00000842.wav,-0.0
normal_id_04_00000843.wav,-0.0
normal_id_04_00000844.wav,-0.0
normal_id_04_00000845.wav,-0.0
normal_id_04_00000846.wav,-0.0
normal_id_04_00000847.wav,2.3841855e-07
normal_id_04_00000848.wav,1.1920928e-07
normal_id_04_00000849.wav,-0.0
normal_id_04_00000850.wav,-0.0
normal_id_04_00000851.wav,2.3841855e-07
normal_id_04_00000852.wav,1.1920928e-07
normal_id_04_00000853.wav,-0.0
normal_id_04_00000854.wav,-0.0
normal_id_04_00000855.wav,1.1920928e-07
normal_id_04_00000856.wav,-0.0
normal_id_04_00000857.wav,4.7683704e-07
normal_id_04_00000858.wav,-0.0
normal_id_04_00000859.wav,-0.0
normal_id_04_00000860.wav,-0.0
normal_id_04_00000861.wav,-0.0
normal_id_04_00000862.wav,-0.0
normal_id_04_00000863.wav,-0.0
normal_id_04_00000864.wav,-0.0
normal_id_04_00000865.wav,2.3841855e-07
normal_id_04_00000866.wav,-0.0
normal_id_04_00000867.wav,-0.0
normal_id_04_00000868.wav,-0.0
normal_id_04_00000869.wav,-0.0
normal_id_04_00000870.wav,7.152555e-07
normal_id_04_00000871.wav,4.7683704e-07
normal_id_04_00000872.wav,-0.0
normal_id_04_00000873.wav,-0.0
normal_id_04_00000874.wav,-0.0
normal_id_04_00000875.wav,-0.0
normal_id_04_00000876.wav,1.1920928e-07
normal_id_04_00000877.wav,2.3841855e-07
normal_id_04_00000878.wav,1.1920928e-07
normal_id_04_00000879.wav,-0.0
normal_id_04_00000880.wav,-0.0
normal_id_04_00000881.wav,1.1920928e-07
normal_id_04_00000882.wav,-0.0
normal_id_04_00000883.wav,1.072883e-06
normal_id_04_00000884.wav,-0.0
normal_id_04_00000885.wav,-0.0
normal_id_04_00000886.wav,-0.0
normal_id_04_00000887.wav,1.1920928e-07
normal_id_04_00000888.wav,-0.0
normal_id_04_00000889.wav,1.1920928e-07
normal_id_04_00000890.wav,2.3841855e-07
normal_id_04_00000891.wav,2.3841855e-07
normal_id_04_00000892.wav,-0.0
normal_id_04_00000893.wav,-0.0
normal_id_04_00000894.wav,1.1920928e-07
normal_id_04_00000895.wav,-0.0
normal_id_04_00000896.wav,1.1920928e-07
normal_id_04_00000897.wav,3.576278e-07
normal_id_04_00000898.wav,-0.0
normal_id_04_00000899.wav,-0.0
